{"StudyGroup":{"required":[],"required_only":false},"JavaOverloading":{"required":[],"required_only":false},"Trader":{"required":[],"required_only":false},"CandyMountain":{"required":[],"required_only":false},"Phase0":{"required":[],"required_only":false},"DesignQuestions":{"required":[],"required_only":false},"phase1":{"required":[],"required_only":false},"WeeklyQuestions":{"required":["w1_questions.txt"],"required_only":false},"phase2":{"required":[],"required_only":false},"Reflections":{"required":[],"required_only":false}}