[
  {
    "username": "AustinA",
    "password": "a",
    "userEmail": "a@ab.com",
    "hasTempPass": false,
    "ownedEvents": [
      "06bb26a6-dd8d-4fb8-bdd2-7e61c9683f12",
      "fae10db2-75c7-4d31-99ea-2ecde804ccc8"
    ],
    "attendingEvents": [],
    "userType": "ADMIN",
    "suspended": false,
    "friends": []
  },
  {
    "username": "haze",
    "password": "ugh",
    "userEmail": "hasti@toossi.info",
    "hasTempPass": false,
    "ownedEvents": [],
    "attendingEvents": [],
    "userType": "REGULAR",
    "suspended": false,
    "friends": []
  },
  {
    "username": "idii88",
    "password": "Hello@123",
    "userEmail": "idii@gmail.com",
    "hasTempPass": false,
    "ownedEvents": [],
    "attendingEvents": [],
    "userType": "ADMIN",
    "suspended": false,
    "friends": []
  },
  {
    "username": "Freeman",
    "password": "Freeman1",
    "userEmail": "freeman@gmail.com",
    "hasTempPass": false,
    "ownedEvents": [],
    "attendingEvents": [],
    "userType": "ADMIN",
    "suspended": false,
    "friends": []
  },
  {
    "username": "hasti2c",
    "password": "yay",
    "userEmail": "test@email.com",
    "hasTempPass": false,
    "ownedEvents": [
      "d9d9427d-9e66-4a53-8eee-a4f2219b54b9"
    ],
    "attendingEvents": [
      "d9d9427d-9e66-4a53-8eee-a4f2219b54b9"
    ],
    "userType": "ADMIN",
    "suspended": false,
    "friends": []
  },
  {
    "username": "AustinA2",
    "password": "a",
    "userEmail": "as@gmail.com",
    "hasTempPass": false,
    "ownedEvents": [],
    "attendingEvents": [],
    "userType": "ADMIN",
    "suspended": false,
    "friends": []
  },
  {
    "username": "AustinR",
    "password": "a",
    "userEmail": "a@a.com",
    "hasTempPass": false,
    "ownedEvents": [],
    "attendingEvents": [],
    "userType": "ADMIN",
    "suspended": false,
    "friends": []
  }
]