[
  {
    "eventId": "d9d9427d-9e66-4a53-8eee-a4f2219b54b9",
    "published": true,
    "eventOwner": "hasti2c",
    "eventType": "Concert",
    "templateId": "id100",
    "templateVersion": "1",
    "numAttendees": 2,
    "createdTime": "2021-07-26T11:10:59.566",
    "editTime": "2021-07-26T11:10:59.566",
    "fields": {
      "Max Attendees": [
        "java.lang.Integer",
        true,
        "30"
      ],
      "Concert Genre": [
        "java.lang.String",
        false,
        "\"rock\""
      ],
      "Performer(s)": [
        "java.lang.String",
        false,
        "\"someone\""
      ],
      "Venue": [
        "java.lang.String",
        true,
        "\"somewhere\""
      ],
      "Event Name": [
        "java.lang.String",
        true,
        "\"some name\""
      ],
      "Time": [
        "java.time.LocalDateTime",
        true,
        "{\n  \"date\": {\n    \"year\": 2022,\n    \"month\": 3,\n    \"day\": 24\n  },\n  \"time\": {\n    \"hour\": 1,\n    \"minute\": 0,\n    \"second\": 0,\n    \"nano\": 0\n  }\n}"
      ]
    }
  },
  {
    "eventId": "fc6486b0-ef9d-4714-9ece-152d438c47c0",
    "published": true,
    "eventOwner": "hasti2c",
    "eventType": "Wedding",
    "templateId": "id200",
    "templateVersion": "1",
    "numAttendees": 5,
    "createdTime": "2021-07-26T11:24:28.260",
    "editTime": "2021-07-26T11:24:28.260",
    "fields": {
      "Max Attendees": [
        "java.lang.Integer",
        false,
        "1000"
      ],
      "Event Name": [
        "java.lang.String",
        true,
        "\"nameeeee\""
      ],
      "Wedding Couple": [
        "java.lang.String",
        true,
        "\"[\\\"someone\\\", \\\"someone else\\\"]\""
      ],
      "Dress Code": [
        "java.lang.String",
        false,
        "null"
      ],
      "Time": [
        "java.time.LocalDateTime",
        true,
        "{\n  \"date\": {\n    \"year\": 2022,\n    \"month\": 3,\n    \"day\": 24\n  },\n  \"time\": {\n    \"hour\": 20,\n    \"minute\": 0,\n    \"second\": 0,\n    \"nano\": 0\n  }\n}"
      ],
      "Is Gift Required": [
        "java.lang.Boolean",
        false,
        "false"
      ],
      "Location": [
        "java.lang.String",
        true,
        "\"somewhere\""
      ]
    }
  },
  {
    "eventId": "b41811ef-bc2d-4bdf-ad4e-262e172222ad",
    "published": false,
    "eventOwner": "changed",
    "eventType": "Great Concert",
    "templateId": "id100",
    "templateVersion": "1",
    "numAttendees": 0,
    "createdTime": "2021-07-27T17:49:50.022",
    "editTime": "2021-07-27T17:49:50.022",
    "fields": {
      "Max Attendees": [
        "java.lang.Integer",
        true,
        "3000"
      ],
      "Concert Genre": [
        "java.lang.String",
        false,
        "\"connnnncert\""
      ],
      "Time (yyyy-MM-dd HH:mm)": [
        "java.time.LocalDateTime",
        true,
        "{\n  \"date\": {\n    \"year\": 2022,\n    \"month\": 7,\n    \"day\": 27\n  },\n  \"time\": {\n    \"hour\": 17,\n    \"minute\": 0,\n    \"second\": 0,\n    \"nano\": 0\n  }\n}"
      ],
      "Performer(s)": [
        "java.lang.String",
        false,
        "\"last shadow puppets\""
      ],
      "Venue": [
        "java.lang.String",
        true,
        "\"park\""
      ],
      "Event Name": [
        "java.lang.String",
        true,
        "\"eventttttt\""
      ]
    }
  },
  {
    "eventId": "id30",
    "published": true,
    "eventOwner": "hasti2c",
    "eventType": "Concert",
    "templateId": "id200",
    "templateVersion": "1",
    "numAttendees": 0,
    "createdTime": "2021-07-20T17:41:35.581",
    "editTime": "2021-07-20T17:41:35.606",
    "fields": {
      "Max Attendees": [
        "java.lang.Integer",
        true,
        "300"
      ],
      "Concert Genre": [
        "java.lang.String",
        false,
        "null"
      ],
      "Performer(s)": [
        "java.util.List",
        false,
        "[\n  \"The Last Shadow Puppets\"\n]"
      ],
      "Venue": [
        "java.lang.String",
        true,
        "\"Albert Hall\""
      ],
      "Event Name": [
        "java.lang.String",
        true,
        "\"Some Concert\""
      ],
      "Time": [
        "java.time.LocalDateTime",
        true,
        "{\n  \"date\": {\n    \"year\": 2022,\n    \"month\": 3,\n    \"day\": 24\n  },\n  \"time\": {\n    \"hour\": 1,\n    \"minute\": 0,\n    \"second\": 0,\n    \"nano\": 0\n  }\n}"
      ]
    }
  },
  {
    "eventId": "780482d7-d344-480d-be4a-32c4395884db",
    "published": false,
    "eventOwner": "hasti2c",
    "eventType": "Concert",
    "templateId": "id100",
    "templateVersion": "1",
    "numAttendees": 0,
    "createdTime": "2021-07-26T15:30:51.310479",
    "editTime": "2021-07-26T15:30:51.310479",
    "fields": {
      "Max Attendees": [
        "java.lang.Integer",
        true,
        "null"
      ],
      "Concert Genre": [
        "java.lang.String",
        false,
        "null"
      ],
      "Performer(s)": [
        "java.lang.String",
        false,
        "null"
      ],
      "Venue": [
        "java.lang.String",
        true,
        "null"
      ],
      "Event Name": [
        "java.lang.String",
        true,
        "null"
      ],
      "Time": [
        "java.time.LocalDateTime",
        true,
        "null"
      ]
    }
  },
  {
    "eventId": "42fcf247-b842-4e5d-8582-dac28c066680",
    "published": true,
    "eventOwner": "hasti2c",
    "eventType": "Wedding",
    "templateId": "id200",
    "templateVersion": "1",
    "numAttendees": 0,
    "createdTime": "2021-07-26T15:40:08.751626",
    "editTime": "2021-07-26T15:40:08.751626",
    "fields": {
      "Max Attendees": [
        "java.lang.Integer",
        false,
        "100"
      ],
      "Event Name": [
        "java.lang.String",
        true,
        "\"The Best Wedding\""
      ],
      "Wedding Couple": [
        "java.lang.String",
        true,
        "\"Bob and Annie\""
      ],
      "Dress Code": [
        "java.lang.String",
        false,
        "\"\""
      ],
      "Time": [
        "java.time.LocalDateTime",
        true,
        "{\n  \"date\": {\n    \"year\": 2020,\n    \"month\": 12,\n    \"day\": 13\n  },\n  \"time\": {\n    \"hour\": 20,\n    \"minute\": 22,\n    \"second\": 12,\n    \"nano\": 0\n  }\n}"
      ],
      "Is Gift Required": [
        "java.lang.Boolean",
        false,
        "false"
      ],
      "Location": [
        "java.lang.String",
        true,
        "\"Best Location\""
      ]
    }
  },
  {
    "eventId": "834cb876-0d02-4678-ae2c-77fc3e51219c",
    "published": true,
    "eventOwner": "changed",
    "eventType": "Wedding",
    "templateId": "id200",
    "templateVersion": "1",
    "numAttendees": 0,
    "createdTime": "2021-07-27T17:43:43.116",
    "editTime": "2021-07-27T17:43:43.116",
    "fields": {
      "Max Attendees": [
        "java.lang.Integer",
        false,
        "3"
      ],
      "Time (yyyy-MM-dd HH:mm)": [
        "java.time.LocalDateTime",
        true,
        "{\n  \"date\": {\n    \"year\": 2022,\n    \"month\": 7,\n    \"day\": 27\n  },\n  \"time\": {\n    \"hour\": 17,\n    \"minute\": 0,\n    \"second\": 0,\n    \"nano\": 0\n  }\n}"
      ],
      "Event Name": [
        "java.lang.String",
        true,
        "\"wedding\""
      ],
      "Wedding Couple": [
        "java.lang.String",
        true,
        "\"people\""
      ],
      "Dress Code": [
        "java.lang.String",
        false,
        "null"
      ],
      "Is Gift Required": [
        "java.lang.Boolean",
        false,
        "null"
      ],
      "Location": [
        "java.lang.String",
        true,
        "\"place\""
      ]
    }
  }
]